{
  "norad_id": 20580,
  "name": "HUBBLE (HST)",
  "orbit_type": "diverse",
  "a_km": 6917.085787080983,
  "inc_deg": 28.470000000000002,
  "ecc": 0.00028,
  "period_s": 5725.266715260751,
  "pinn_test_rmse_km": 4.4356,
  "sgp4_test_rmse_km": 34.2199,
  "pinn_train_rmse_km": 0.1738,
  "sgp4_train_rmse_km": 1.8306,
  "pinn_full_rmse_km": 3.9681,
  "sgp4_full_rmse_km": 30.6181,
  "pinn_max_err_km": 11.2843,
  "sgp4_max_err_km": 66.1058,
  "pinn_inference_ms": 2.89,
  "sgp4_inference_ms": 9.66,
  "gmat_inference_ms": null,
  "pinn_energy_drift": 0.03671000182508877,
  "sgp4_energy_drift": 0.018492961178015577,
  "gmat_energy_drift": 0.0181527877578489,
  "pinn_improvement_over_sgp4_pct": 87.04
}