{
  "norad_id": 20580,
  "name": "HUBBLE (HST)",
  "orbit_type": "diverse",
  "a_km": 6917.085787080983,
  "inc_deg": 28.470000000000002,
  "ecc": 0.00028,
  "period_s": 5725.266715260751,
  "pinn_test_rmse_km": 1.0537,
  "sgp4_test_rmse_km": 0.3658,
  "pinn_train_rmse_km": 0.0565,
  "sgp4_train_rmse_km": 0.1538,
  "pinn_full_rmse_km": 0.9428,
  "sgp4_full_rmse_km": 0.3343,
  "pinn_max_err_km": 2.2018,
  "sgp4_max_err_km": 0.7332,
  "pinn_inference_ms": 1.76,
  "sgp4_inference_ms": 0.94,
  "gmat_inference_ms": null,
  "pinn_energy_drift": 0.025868182726249245,
  "sgp4_energy_drift": 0.018335797142739807,
  "gmat_energy_drift": 0.018660198180253218,
  "pinn_improvement_over_sgp4_pct": -188.06
}