{
  "norad_id": 25063,
  "name": "ORBCOMM FM-5",
  "orbit_type": "low-inclination",
  "a_km": 7159.857537372019,
  "inc_deg": 25.0,
  "ecc": 0.001,
  "period_s": 6029.309141660851,
  "pinn_test_rmse_km": 2.921,
  "sgp4_test_rmse_km": 51.0175,
  "pinn_train_rmse_km": 0.0996,
  "sgp4_train_rmse_km": 8.8163,
  "pinn_full_rmse_km": 2.613,
  "sgp4_full_rmse_km": 45.8014,
  "pinn_max_err_km": 7.5585,
  "sgp4_max_err_km": 81.0327,
  "pinn_inference_ms": 3.03,
  "sgp4_inference_ms": 9.84,
  "gmat_inference_ms": null,
  "pinn_energy_drift": 0.024144877232920692,
  "sgp4_energy_drift": 0.013776216401360841,
  "gmat_energy_drift": 0.012847582084798859,
  "pinn_improvement_over_sgp4_pct": 94.27
}