{
  "norad_id": 25063,
  "name": "ORBCOMM FM-5",
  "orbit_type": "low-inclination",
  "a_km": 7159.857537372019,
  "inc_deg": 25.0,
  "ecc": 0.001,
  "period_s": 6029.309141660851,
  "pinn_test_rmse_km": 1.3763,
  "sgp4_test_rmse_km": 2.3341,
  "pinn_train_rmse_km": 0.0654,
  "sgp4_train_rmse_km": 0.3537,
  "pinn_full_rmse_km": 1.2313,
  "sgp4_full_rmse_km": 2.0937,
  "pinn_max_err_km": 2.3249,
  "sgp4_max_err_km": 3.5077,
  "pinn_inference_ms": 1.9,
  "sgp4_inference_ms": 0.96,
  "gmat_inference_ms": null,
  "pinn_energy_drift": 0.024666771714564106,
  "sgp4_energy_drift": 0.01313771699805244,
  "gmat_energy_drift": 0.013667574502751023,
  "pinn_improvement_over_sgp4_pct": 41.04
}