{
  "norad_id": 25544,
  "name": "ISS (ZARYA)",
  "orbit_type": "ISS-like",
  "a_km": 6794.8630692169745,
  "inc_deg": 51.64,
  "ecc": 0.0006,
  "period_s": 5574.193548387097,
  "pinn_test_rmse_km": 4.5453,
  "sgp4_test_rmse_km": 377.738,
  "pinn_train_rmse_km": 0.2641,
  "sgp4_train_rmse_km": 16.2863,
  "pinn_full_rmse_km": 4.0671,
  "sgp4_full_rmse_km": 337.9376,
  "pinn_max_err_km": 12.3916,
  "sgp4_max_err_km": 749.1683,
  "pinn_inference_ms": 3.23,
  "sgp4_inference_ms": 10.28,
  "gmat_inference_ms": null,
  "pinn_energy_drift": 0.0785748391772394,
  "sgp4_energy_drift": 0.05334297910813035,
  "gmat_energy_drift": 0.051752697526470826,
  "pinn_improvement_over_sgp4_pct": 98.8
}