{
  "norad_id": 25544,
  "name": "ISS (ZARYA)",
  "orbit_type": "ISS-like",
  "a_km": 6794.8630692169745,
  "inc_deg": 51.64,
  "ecc": 0.0006,
  "period_s": 5574.193548387097,
  "pinn_test_rmse_km": 1.138,
  "sgp4_test_rmse_km": 1.3739,
  "pinn_train_rmse_km": 0.1094,
  "sgp4_train_rmse_km": 0.2276,
  "pinn_full_rmse_km": 1.019,
  "sgp4_full_rmse_km": 1.233,
  "pinn_max_err_km": 3.3005,
  "sgp4_max_err_km": 3.1211,
  "pinn_inference_ms": 1.89,
  "sgp4_inference_ms": 1.17,
  "gmat_inference_ms": null,
  "pinn_energy_drift": 0.07092124240601194,
  "sgp4_energy_drift": 0.052038578657096934,
  "gmat_energy_drift": 0.053039337627438954,
  "pinn_improvement_over_sgp4_pct": 17.17
}