{
  "norad_id": 36508,
  "name": "COSMOS 2251 DEB",
  "orbit_type": "diverse",
  "a_km": 7230.6728124863175,
  "inc_deg": 74.04,
  "ecc": 0.01,
  "period_s": 6118.980169971672,
  "pinn_test_rmse_km": 6.2791,
  "sgp4_test_rmse_km": 0.6477,
  "pinn_train_rmse_km": 0.3826,
  "sgp4_train_rmse_km": 0.1065,
  "pinn_full_rmse_km": 5.6188,
  "sgp4_full_rmse_km": 0.5813,
  "pinn_max_err_km": 17.5089,
  "sgp4_max_err_km": 1.5235,
  "pinn_inference_ms": 1.79,
  "sgp4_inference_ms": 1.01,
  "gmat_inference_ms": null,
  "pinn_energy_drift": 0.1480746989789452,
  "sgp4_energy_drift": 0.06568276992160804,
  "gmat_energy_drift": 0.06579231746054859,
  "pinn_improvement_over_sgp4_pct": -869.42
}