{
  "norad_id": 37849,
  "name": "SUOMI NPP",
  "orbit_type": "sun-synchronous",
  "a_km": 7205.181248268202,
  "inc_deg": 98.73,
  "ecc": 0.0001,
  "period_s": 6086.650228953858,
  "pinn_test_rmse_km": 9.4029,
  "sgp4_test_rmse_km": 1.3731,
  "pinn_train_rmse_km": 2.1942,
  "sgp4_train_rmse_km": 0.5191,
  "pinn_full_rmse_km": 8.4672,
  "sgp4_full_rmse_km": 1.2499,
  "pinn_max_err_km": 20.0336,
  "sgp4_max_err_km": 1.8065,
  "pinn_inference_ms": 1.91,
  "sgp4_inference_ms": 0.99,
  "gmat_inference_ms": null,
  "pinn_energy_drift": 0.2998095115845345,
  "sgp4_energy_drift": 0.06908735911454755,
  "gmat_energy_drift": 0.0692522263657267,
  "pinn_improvement_over_sgp4_pct": -584.77
}