{
  "norad_id": 37849,
  "name": "SUOMI NPP",
  "orbit_type": "sun-synchronous",
  "a_km": 7205.181248268202,
  "inc_deg": 98.73,
  "ecc": 0.0001,
  "period_s": 6086.650228953858,
  "pinn_test_rmse_km": 3.028,
  "sgp4_test_rmse_km": 6.4164,
  "pinn_train_rmse_km": 0.1778,
  "sgp4_train_rmse_km": 1.8253,
  "pinn_full_rmse_km": 2.7095,
  "sgp4_full_rmse_km": 5.7967,
  "pinn_max_err_km": 5.0045,
  "sgp4_max_err_km": 10.0162,
  "pinn_inference_ms": 2.74,
  "sgp4_inference_ms": 10.25,
  "gmat_inference_ms": null,
  "pinn_energy_drift": 0.048764904843547896,
  "sgp4_energy_drift": 0.06931097085331928,
  "gmat_energy_drift": 0.03654516813955411,
  "pinn_improvement_over_sgp4_pct": 52.81
}