{
  "norad_id": 43013,
  "name": "NOAA-20 (JPSS-1)",
  "orbit_type": "sun-synchronous",
  "a_km": 7205.181248268202,
  "inc_deg": 98.72,
  "ecc": 0.0001,
  "period_s": 6086.650228953858,
  "pinn_test_rmse_km": 9.5091,
  "sgp4_test_rmse_km": 1.6214,
  "pinn_train_rmse_km": 5.4125,
  "sgp4_train_rmse_km": 0.6096,
  "pinn_full_rmse_km": 8.8429,
  "sgp4_full_rmse_km": 1.4757,
  "pinn_max_err_km": 22.8611,
  "sgp4_max_err_km": 2.0731,
  "pinn_inference_ms": 1.77,
  "sgp4_inference_ms": 0.99,
  "gmat_inference_ms": null,
  "pinn_energy_drift": 0.877791962826695,
  "sgp4_energy_drift": 0.06909038580189986,
  "gmat_energy_drift": 0.06921501462076307,
  "pinn_improvement_over_sgp4_pct": -486.46
}