{
  "norad_id": 43013,
  "name": "NOAA-20 (JPSS-1)",
  "orbit_type": "sun-synchronous",
  "a_km": 7205.181248268202,
  "inc_deg": 98.72,
  "ecc": 0.0001,
  "period_s": 6086.650228953858,
  "pinn_test_rmse_km": 2.9593,
  "sgp4_test_rmse_km": 13.2745,
  "pinn_train_rmse_km": 0.5576,
  "sgp4_train_rmse_km": 2.9737,
  "pinn_full_rmse_km": 2.6586,
  "sgp4_full_rmse_km": 11.9474,
  "pinn_max_err_km": 5.3913,
  "sgp4_max_err_km": 20.3911,
  "pinn_inference_ms": 2.7,
  "sgp4_inference_ms": 10.25,
  "gmat_inference_ms": null,
  "pinn_energy_drift": 0.08559144080126657,
  "sgp4_energy_drift": 0.06931354372815335,
  "gmat_energy_drift": 0.0364533724403735,
  "pinn_improvement_over_sgp4_pct": 77.71
}