{
  "norad_id": 43070,
  "name": "IRIDIUM 106",
  "orbit_type": "diverse",
  "a_km": 7155.863195520104,
  "inc_deg": 86.39000000000001,
  "ecc": 0.0002,
  "period_s": 6024.264398270813,
  "pinn_test_rmse_km": 3.2083,
  "sgp4_test_rmse_km": 41.0953,
  "pinn_train_rmse_km": 0.3239,
  "sgp4_train_rmse_km": 6.5902,
  "pinn_full_rmse_km": 2.8732,
  "sgp4_full_rmse_km": 36.8747,
  "pinn_max_err_km": 5.5974,
  "sgp4_max_err_km": 66.8588,
  "pinn_inference_ms": 3.75,
  "sgp4_inference_ms": 10.18,
  "gmat_inference_ms": null,
  "pinn_energy_drift": 0.0973410554166314,
  "sgp4_energy_drift": 0.07208768620727213,
  "gmat_energy_drift": 0.06543612857036862,
  "pinn_improvement_over_sgp4_pct": 92.19
}