{
  "norad_id": 43070,
  "name": "IRIDIUM 106",
  "orbit_type": "diverse",
  "a_km": 7155.863195520104,
  "inc_deg": 86.39000000000001,
  "ecc": 0.0002,
  "period_s": 6024.264398270813,
  "pinn_test_rmse_km": 12.5299,
  "sgp4_test_rmse_km": 1.0924,
  "pinn_train_rmse_km": 2.7652,
  "sgp4_train_rmse_km": 0.3174,
  "pinn_full_rmse_km": 11.2751,
  "sgp4_full_rmse_km": 0.9873,
  "pinn_max_err_km": 30.2614,
  "sgp4_max_err_km": 2.1367,
  "pinn_inference_ms": 1.55,
  "sgp4_inference_ms": 0.99,
  "gmat_inference_ms": null,
  "pinn_energy_drift": 0.4625493402541281,
  "sgp4_energy_drift": 0.0718661387357038,
  "gmat_energy_drift": 0.07215896538496835,
  "pinn_improvement_over_sgp4_pct": -1047.02
}