{
  "norad_id": 43476,
  "name": "GRACE-FO 1",
  "orbit_type": "diverse",
  "a_km": 6890.022819596217,
  "inc_deg": 89.01,
  "ecc": 0.001,
  "period_s": 5691.699604743083,
  "pinn_test_rmse_km": 15.6993,
  "sgp4_test_rmse_km": 2.187,
  "pinn_train_rmse_km": 1.0144,
  "sgp4_train_rmse_km": 0.8564,
  "pinn_full_rmse_km": 14.0492,
  "sgp4_full_rmse_km": 1.9932,
  "pinn_max_err_km": 37.8986,
  "sgp4_max_err_km": 3.4483,
  "pinn_inference_ms": 1.87,
  "sgp4_inference_ms": 1.34,
  "gmat_inference_ms": null,
  "pinn_energy_drift": 0.30321724971427955,
  "sgp4_energy_drift": 0.08085856460860796,
  "gmat_energy_drift": 0.08149823709089432,
  "pinn_improvement_over_sgp4_pct": -617.86
}