{
  "norad_id": 43476,
  "name": "GRACE-FO 1",
  "orbit_type": "diverse",
  "a_km": 6890.022819596217,
  "inc_deg": 89.01,
  "ecc": 0.001,
  "period_s": 5691.699604743083,
  "pinn_test_rmse_km": 2.4563,
  "sgp4_test_rmse_km": 144.9004,
  "pinn_train_rmse_km": 0.1293,
  "sgp4_train_rmse_km": 13.6752,
  "pinn_full_rmse_km": 2.1977,
  "sgp4_full_rmse_km": 129.7471,
  "pinn_max_err_km": 4.0497,
  "sgp4_max_err_km": 262.4731,
  "pinn_inference_ms": 3.53,
  "sgp4_inference_ms": 10.51,
  "gmat_inference_ms": null,
  "pinn_energy_drift": 0.07970669142828868,
  "sgp4_energy_drift": 0.08141762969232147,
  "gmat_energy_drift": 0.06295153413325494,
  "pinn_improvement_over_sgp4_pct": 98.3
}