{
  "norad_id": 44713,
  "name": "STARLINK-1007",
  "orbit_type": "constellation",
  "a_km": 6925.348557938277,
  "inc_deg": 53.0554,
  "ecc": 0.00015,
  "period_s": 5735.528412108337,
  "pinn_test_rmse_km": 1.0544,
  "sgp4_test_rmse_km": 0.4788,
  "pinn_train_rmse_km": 0.121,
  "sgp4_train_rmse_km": 0.1407,
  "pinn_full_rmse_km": 0.9446,
  "sgp4_full_rmse_km": 0.4329,
  "pinn_max_err_km": 1.8675,
  "sgp4_max_err_km": 0.8454,
  "pinn_inference_ms": 1.92,
  "sgp4_inference_ms": 1.01,
  "gmat_inference_ms": null,
  "pinn_energy_drift": 0.06589908191141802,
  "sgp4_energy_drift": 0.050881211394315784,
  "gmat_energy_drift": 0.05144535479776735,
  "pinn_improvement_over_sgp4_pct": -120.21
}