{
  "norad_id": 44714,
  "name": "STARLINK-1008",
  "orbit_type": "constellation",
  "a_km": 6925.348557938277,
  "inc_deg": 53.05,
  "ecc": 0.00014,
  "period_s": 5735.528412108337,
  "pinn_test_rmse_km": 1.2186,
  "sgp4_test_rmse_km": 0.4839,
  "pinn_train_rmse_km": 0.1164,
  "sgp4_train_rmse_km": 0.1404,
  "pinn_full_rmse_km": 1.0912,
  "sgp4_full_rmse_km": 0.4373,
  "pinn_max_err_km": 2.0611,
  "sgp4_max_err_km": 0.8554,
  "pinn_inference_ms": 1.82,
  "sgp4_inference_ms": 1.02,
  "gmat_inference_ms": null,
  "pinn_energy_drift": 0.06410390363586416,
  "sgp4_energy_drift": 0.05087068438919218,
  "gmat_energy_drift": 0.05144765082099667,
  "pinn_improvement_over_sgp4_pct": -151.84
}