{
  "norad_id": 44715,
  "name": "STARLINK-1009",
  "orbit_type": "constellation",
  "a_km": 6925.348557938277,
  "inc_deg": 53.06,
  "ecc": 0.00013,
  "period_s": 5735.528412108337,
  "pinn_test_rmse_km": 1.1928,
  "sgp4_test_rmse_km": 0.4937,
  "pinn_train_rmse_km": 0.1146,
  "sgp4_train_rmse_km": 0.1404,
  "pinn_full_rmse_km": 1.0681,
  "sgp4_full_rmse_km": 0.446,
  "pinn_max_err_km": 2.0449,
  "sgp4_max_err_km": 0.8737,
  "pinn_inference_ms": 1.85,
  "sgp4_inference_ms": 1.34,
  "gmat_inference_ms": null,
  "pinn_energy_drift": 0.06259135310772734,
  "sgp4_energy_drift": 0.05087994284681585,
  "gmat_energy_drift": 0.05146460161203592,
  "pinn_improvement_over_sgp4_pct": -141.61
}