{
  "norad_id": 44715,
  "name": "STARLINK-1009",
  "orbit_type": "constellation",
  "a_km": 6925.348557938277,
  "inc_deg": 53.06,
  "ecc": 0.00013,
  "period_s": 5735.528412108337,
  "pinn_test_rmse_km": 324.8118,
  "sgp4_test_rmse_km": 55.7935,
  "pinn_train_rmse_km": 27.341,
  "sgp4_train_rmse_km": 1.5797,
  "pinn_full_rmse_km": 290.7777,
  "sgp4_full_rmse_km": 49.9082,
  "pinn_max_err_km": 939.3309,
  "sgp4_max_err_km": 114.648,
  "pinn_inference_ms": 48.0,
  "sgp4_inference_ms": 10.47,
  "gmat_inference_ms": null,
  "pinn_energy_drift": 7.138188591926625,
  "sgp4_energy_drift": 0.051305420291807735,
  "gmat_energy_drift": 0.052784808935712135,
  "pinn_improvement_over_sgp4_pct": -482.17
}