{
  "norad_id": 44713,
  "name": "STARLINK-1007",
  "orbit_type": "constellation",
  "a_km": 6925.348557938277,
  "inc_deg": 53.0554,
  "ecc": 0.00015,
  "period_s": 5735.528412108337,
  "pinn_test_rmse_km": 315.9151,
  "sgp4_test_rmse_km": 55.2277,
  "pinn_train_rmse_km": 34.945,
  "sgp4_train_rmse_km": 1.4355,
  "pinn_full_rmse_km": 282.9949,
  "sgp4_full_rmse_km": 49.4013,
  "pinn_max_err_km": 955.5375,
  "sgp4_max_err_km": 113.5757,
  "pinn_inference_ms": 40.12,
  "sgp4_inference_ms": 10.5,
  "gmat_inference_ms": null,
  "pinn_energy_drift": 7.9318635446818355,
  "sgp4_energy_drift": 0.05130856249651572,
  "gmat_energy_drift": 0.05278496304790181,
  "pinn_improvement_over_sgp4_pct": -472.02
}