{
  "norad_id": 44716,
  "name": "STARLINK-1010",
  "orbit_type": "constellation",
  "a_km": 6925.348557938277,
  "inc_deg": 53.05,
  "ecc": 0.00015,
  "period_s": 5735.528412108337,
  "pinn_test_rmse_km": 323.4889,
  "sgp4_test_rmse_km": 55.6705,
  "pinn_train_rmse_km": 23.7059,
  "sgp4_train_rmse_km": 1.6593,
  "pinn_full_rmse_km": 289.5314,
  "sgp4_full_rmse_km": 49.7988,
  "pinn_max_err_km": 911.6922,
  "sgp4_max_err_km": 114.3408,
  "pinn_inference_ms": 40.91,
  "sgp4_inference_ms": 10.48,
  "gmat_inference_ms": null,
  "pinn_energy_drift": 3.9032810110551353,
  "sgp4_energy_drift": 0.051307544337671374,
  "gmat_energy_drift": 0.052776119146024314,
  "pinn_improvement_over_sgp4_pct": -481.08
}