{
  "norad_id": 44716,
  "name": "STARLINK-1010",
  "orbit_type": "constellation",
  "a_km": 6925.348557938277,
  "inc_deg": 53.05,
  "ecc": 0.00015,
  "period_s": 5735.528412108337,
  "pinn_test_rmse_km": 1.1947,
  "sgp4_test_rmse_km": 0.5025,
  "pinn_train_rmse_km": 0.1158,
  "sgp4_train_rmse_km": 0.1408,
  "pinn_full_rmse_km": 1.0698,
  "sgp4_full_rmse_km": 0.4539,
  "pinn_max_err_km": 2.0377,
  "sgp4_max_err_km": 0.8875,
  "pinn_inference_ms": 1.79,
  "sgp4_inference_ms": 1.01,
  "gmat_inference_ms": null,
  "pinn_energy_drift": 0.06582593714808382,
  "sgp4_energy_drift": 0.05087097193793255,
  "gmat_energy_drift": 0.051463141096483866,
  "pinn_improvement_over_sgp4_pct": -137.73
}