{
  "norad_id": 44714,
  "name": "STARLINK-1008",
  "orbit_type": "constellation",
  "a_km": 6925.348557938277,
  "inc_deg": 53.05,
  "ecc": 0.00014,
  "period_s": 5735.528412108337,
  "pinn_test_rmse_km": 327.931,
  "sgp4_test_rmse_km": 55.0001,
  "pinn_train_rmse_km": 20.5006,
  "sgp4_train_rmse_km": 1.4744,
  "pinn_full_rmse_km": 293.4537,
  "sgp4_full_rmse_km": 49.198,
  "pinn_max_err_km": 910.2697,
  "sgp4_max_err_km": 113.0972,
  "pinn_inference_ms": 41.24,
  "sgp4_inference_ms": 10.48,
  "gmat_inference_ms": null,
  "pinn_energy_drift": 5.175473980032351,
  "sgp4_energy_drift": 0.05130488785708209,
  "gmat_energy_drift": 0.05276989649862429,
  "pinn_improvement_over_sgp4_pct": -496.24
}