{
  "norad_id": 44883,
  "name": "CBERS 04A",
  "orbit_type": "low-inclination",
  "a_km": 7002.7303590823485,
  "inc_deg": 28.500000000000004,
  "ecc": 0.0001,
  "period_s": 5831.927100911239,
  "pinn_test_rmse_km": 0.8169,
  "sgp4_test_rmse_km": 1.1633,
  "pinn_train_rmse_km": 0.063,
  "sgp4_train_rmse_km": 0.1166,
  "pinn_full_rmse_km": 0.7312,
  "sgp4_full_rmse_km": 1.0418,
  "pinn_max_err_km": 1.6945,
  "sgp4_max_err_km": 2.1578,
  "pinn_inference_ms": 1.91,
  "sgp4_inference_ms": 1.14,
  "gmat_inference_ms": null,
  "pinn_energy_drift": 0.030802340114618687,
  "sgp4_energy_drift": 0.017650772024911277,
  "gmat_energy_drift": 0.018205751527929692,
  "pinn_improvement_over_sgp4_pct": 29.78
}