{
  "norad_id": 44883,
  "name": "CBERS 04A",
  "orbit_type": "low-inclination",
  "a_km": 7002.7303590823485,
  "inc_deg": 28.500000000000004,
  "ecc": 0.0001,
  "period_s": 5831.927100911239,
  "pinn_test_rmse_km": 5885.4787,
  "sgp4_test_rmse_km": 38.76,
  "pinn_train_rmse_km": 4447.7087,
  "sgp4_train_rmse_km": 4.9851,
  "pinn_full_rmse_km": 5627.3893,
  "sgp4_full_rmse_km": 34.7396,
  "pinn_max_err_km": 14001.9368,
  "sgp4_max_err_km": 66.3126,
  "pinn_inference_ms": 62003.58,
  "sgp4_inference_ms": 9.79,
  "gmat_inference_ms": null,
  "pinn_energy_drift": 221407.63816737055,
  "sgp4_energy_drift": 0.017827503890149643,
  "gmat_energy_drift": 0.018592080964808133,
  "pinn_improvement_over_sgp4_pct": -15084.42
}