{
  "norad_id": 46984,
  "name": "SENTINEL-6A",
  "orbit_type": "sun-synchronous",
  "a_km": 7179.913177094975,
  "inc_deg": 66.04,
  "ecc": 0.0005,
  "period_s": 6054.660126138752,
  "pinn_test_rmse_km": 158.0222,
  "sgp4_test_rmse_km": 56.8462,
  "pinn_train_rmse_km": 12.5234,
  "sgp4_train_rmse_km": 10.2731,
  "pinn_full_rmse_km": 141.4503,
  "sgp4_full_rmse_km": 51.0519,
  "pinn_max_err_km": 452.042,
  "sgp4_max_err_km": 89.2471,
  "pinn_inference_ms": 39.4,
  "sgp4_inference_ms": 10.3,
  "gmat_inference_ms": null,
  "pinn_energy_drift": 2.0841615677670333,
  "sgp4_energy_drift": 0.05995142752565741,
  "gmat_energy_drift": 0.060795082690535907,
  "pinn_improvement_over_sgp4_pct": -177.98
}