{
  "norad_id": 46984,
  "name": "SENTINEL-6A",
  "orbit_type": "sun-synchronous",
  "a_km": 7179.913177094975,
  "inc_deg": 66.04,
  "ecc": 0.0005,
  "period_s": 6054.660126138752,
  "pinn_test_rmse_km": 3.8414,
  "sgp4_test_rmse_km": 2.6579,
  "pinn_train_rmse_km": 2.1278,
  "sgp4_train_rmse_km": 0.6167,
  "pinn_full_rmse_km": 3.5652,
  "sgp4_full_rmse_km": 2.3932,
  "pinn_max_err_km": 8.9976,
  "sgp4_max_err_km": 4.1405,
  "pinn_inference_ms": 1.78,
  "sgp4_inference_ms": 1.02,
  "gmat_inference_ms": null,
  "pinn_energy_drift": 0.14756390773029793,
  "sgp4_energy_drift": 0.05970962879515085,
  "gmat_energy_drift": 0.06040883173328737,
  "pinn_improvement_over_sgp4_pct": -44.53
}