{
  "norad_id": 48274,
  "name": "TIANHE (CSS)",
  "orbit_type": "ISS-like",
  "a_km": 6765.794080763019,
  "inc_deg": 41.47,
  "ecc": 0.0003,
  "period_s": 5538.461538461539,
  "pinn_test_rmse_km": 8.4678,
  "sgp4_test_rmse_km": 554.6539,
  "pinn_train_rmse_km": 0.1999,
  "sgp4_train_rmse_km": 19.5473,
  "pinn_full_rmse_km": 7.5743,
  "sgp4_full_rmse_km": 496.1745,
  "pinn_max_err_km": 17.8491,
  "sgp4_max_err_km": 1114.5253,
  "pinn_inference_ms": 2.33,
  "sgp4_inference_ms": 10.21,
  "gmat_inference_ms": null,
  "pinn_energy_drift": 0.057642277018878474,
  "sgp4_energy_drift": 0.0398299983162822,
  "gmat_energy_drift": 0.03270194167488327,
  "pinn_improvement_over_sgp4_pct": 98.47
}