{
  "norad_id": 48274,
  "name": "TIANHE (CSS)",
  "orbit_type": "ISS-like",
  "a_km": 6765.794080763019,
  "inc_deg": 41.47,
  "ecc": 0.0003,
  "period_s": 5538.461538461539,
  "pinn_test_rmse_km": 2.604,
  "sgp4_test_rmse_km": 1.0923,
  "pinn_train_rmse_km": 0.087,
  "sgp4_train_rmse_km": 0.2125,
  "pinn_full_rmse_km": 2.3295,
  "sgp4_full_rmse_km": 0.9816,
  "pinn_max_err_km": 5.1598,
  "sgp4_max_err_km": 2.1887,
  "pinn_inference_ms": 1.85,
  "sgp4_inference_ms": 0.93,
  "gmat_inference_ms": null,
  "pinn_energy_drift": 0.046491028306668625,
  "sgp4_energy_drift": 0.03760211855531992,
  "gmat_energy_drift": 0.03844505890486616,
  "pinn_improvement_over_sgp4_pct": -138.39
}