{
  "norad_id": 49260,
  "name": "LANDSAT 9",
  "orbit_type": "sun-synchronous",
  "a_km": 7080.690352012068,
  "inc_deg": 98.21,
  "ecc": 0.00012,
  "period_s": 5929.586164298949,
  "pinn_test_rmse_km": 10.6313,
  "sgp4_test_rmse_km": 1.7789,
  "pinn_train_rmse_km": 1.0115,
  "sgp4_train_rmse_km": 0.9083,
  "pinn_full_rmse_km": 9.5197,
  "sgp4_full_rmse_km": 1.6421,
  "pinn_max_err_km": 23.1512,
  "sgp4_max_err_km": 2.5382,
  "pinn_inference_ms": 2.1,
  "sgp4_inference_ms": 1.02,
  "gmat_inference_ms": null,
  "pinn_energy_drift": 0.28126258631705525,
  "sgp4_energy_drift": 0.07298799044523108,
  "gmat_energy_drift": 0.07346434345373609,
  "pinn_improvement_over_sgp4_pct": -497.64
}