{
  "norad_id": 49260,
  "name": "LANDSAT 9",
  "orbit_type": "sun-synchronous",
  "a_km": 7080.690352012068,
  "inc_deg": 98.21,
  "ecc": 0.00012,
  "period_s": 5929.586164298949,
  "pinn_test_rmse_km": 27.1081,
  "sgp4_test_rmse_km": 44.1096,
  "pinn_train_rmse_km": 2.4483,
  "sgp4_train_rmse_km": 7.6474,
  "pinn_full_rmse_km": 24.2709,
  "sgp4_full_rmse_km": 39.6008,
  "pinn_max_err_km": 76.2055,
  "sgp4_max_err_km": 69.5574,
  "pinn_inference_ms": 40.43,
  "sgp4_inference_ms": 10.47,
  "gmat_inference_ms": null,
  "pinn_energy_drift": 0.5715091594383281,
  "sgp4_energy_drift": 0.07328709063656191,
  "gmat_energy_drift": 0.07376046477028453,
  "pinn_improvement_over_sgp4_pct": 38.54
}