{
  "norad_id": 56227,
  "name": "CYGNUS NG-19",
  "orbit_type": "ISS-like",
  "a_km": 6794.8630692169745,
  "inc_deg": 51.63,
  "ecc": 0.0003,
  "period_s": 5574.193548387097,
  "pinn_test_rmse_km": 1.2311,
  "sgp4_test_rmse_km": 1.3599,
  "pinn_train_rmse_km": 0.1058,
  "sgp4_train_rmse_km": 0.2121,
  "pinn_full_rmse_km": 1.1021,
  "sgp4_full_rmse_km": 1.22,
  "pinn_max_err_km": 3.4807,
  "sgp4_max_err_km": 3.1432,
  "pinn_inference_ms": 2.08,
  "sgp4_inference_ms": 1.36,
  "gmat_inference_ms": null,
  "pinn_energy_drift": 0.07093033947039018,
  "sgp4_energy_drift": 0.05192353529181659,
  "gmat_energy_drift": 0.05292719952181457,
  "pinn_improvement_over_sgp4_pct": 9.47
}