{
  "norad_id": 56227,
  "name": "CYGNUS NG-19",
  "orbit_type": "ISS-like",
  "a_km": 6794.8630692169745,
  "inc_deg": 51.63,
  "ecc": 0.0003,
  "period_s": 5574.193548387097,
  "pinn_test_rmse_km": 5.0862,
  "sgp4_test_rmse_km": 481.0918,
  "pinn_train_rmse_km": 0.2736,
  "sgp4_train_rmse_km": 19.0998,
  "pinn_full_rmse_km": 4.5509,
  "sgp4_full_rmse_km": 430.3863,
  "pinn_max_err_km": 13.2221,
  "sgp4_max_err_km": 959.1565,
  "pinn_inference_ms": 3.62,
  "sgp4_inference_ms": 10.39,
  "gmat_inference_ms": null,
  "pinn_energy_drift": 0.07676714250381877,
  "sgp4_energy_drift": 0.05309143553552431,
  "gmat_energy_drift": 0.05193396482399848,
  "pinn_improvement_over_sgp4_pct": 98.94
}