{
  "norad_id": 57321,
  "name": "TROPICS-02",
  "orbit_type": "low-inclination",
  "a_km": 6926.574771665965,
  "inc_deg": 29.699999999999996,
  "ecc": 0.001,
  "period_s": 5737.0517928286845,
  "pinn_test_rmse_km": 3.0283,
  "sgp4_test_rmse_km": 53.0038,
  "pinn_train_rmse_km": 0.139,
  "sgp4_train_rmse_km": 3.893,
  "pinn_full_rmse_km": 2.7093,
  "sgp4_full_rmse_km": 47.44,
  "pinn_max_err_km": 7.7647,
  "sgp4_max_err_km": 100.8791,
  "pinn_inference_ms": 3.34,
  "sgp4_inference_ms": 9.91,
  "gmat_inference_ms": null,
  "pinn_energy_drift": 0.03425006663922403,
  "sgp4_energy_drift": 0.02116864561858023,
  "gmat_energy_drift": 0.017951237273269527,
  "pinn_improvement_over_sgp4_pct": 94.29
}