{
  "norad_id": 57320,
  "name": "TROPICS-01",
  "orbit_type": "low-inclination",
  "a_km": 6926.574771665965,
  "inc_deg": 29.699999999999996,
  "ecc": 0.001,
  "period_s": 5737.0517928286845,
  "pinn_test_rmse_km": 12751.741,
  "sgp4_test_rmse_km": 52.9218,
  "pinn_train_rmse_km": 13381.1154,
  "sgp4_train_rmse_km": 3.8769,
  "pinn_full_rmse_km": 12880.0765,
  "sgp4_full_rmse_km": 47.3664,
  "pinn_max_err_km": 13830.9117,
  "sgp4_max_err_km": 100.7508,
  "pinn_inference_ms": 62429.55,
  "sgp4_inference_ms": 9.9,
  "gmat_inference_ms": null,
  "pinn_energy_drift": 357946.87106298626,
  "sgp4_energy_drift": 0.02114993009423216,
  "gmat_energy_drift": 0.022139440254115073,
  "pinn_improvement_over_sgp4_pct": -23995.46
}