{
  "norad_id": 57321,
  "name": "TROPICS-02",
  "orbit_type": "low-inclination",
  "a_km": 6926.574771665965,
  "inc_deg": 29.699999999999996,
  "ecc": 0.001,
  "period_s": 5737.0517928286845,
  "pinn_test_rmse_km": 1.3774,
  "sgp4_test_rmse_km": 0.4837,
  "pinn_train_rmse_km": 0.0586,
  "sgp4_train_rmse_km": 0.1652,
  "pinn_full_rmse_km": 1.2322,
  "sgp4_full_rmse_km": 0.4389,
  "pinn_max_err_km": 2.9021,
  "sgp4_max_err_km": 0.9951,
  "pinn_inference_ms": 1.81,
  "sgp4_inference_ms": 0.96,
  "gmat_inference_ms": null,
  "pinn_energy_drift": 0.027420966270874203,
  "sgp4_energy_drift": 0.01982840449522527,
  "gmat_energy_drift": 0.020406870856170656,
  "pinn_improvement_over_sgp4_pct": -184.78
}