{
  "norad_id": 57320,
  "name": "TROPICS-01",
  "orbit_type": "low-inclination",
  "a_km": 6926.574771665965,
  "inc_deg": 29.699999999999996,
  "ecc": 0.001,
  "period_s": 5737.0517928286845,
  "pinn_test_rmse_km": 1.2852,
  "sgp4_test_rmse_km": 0.4801,
  "pinn_train_rmse_km": 0.0551,
  "sgp4_train_rmse_km": 0.1628,
  "pinn_full_rmse_km": 1.1498,
  "sgp4_full_rmse_km": 0.4355,
  "pinn_max_err_km": 2.8067,
  "sgp4_max_err_km": 0.9893,
  "pinn_inference_ms": 1.88,
  "sgp4_inference_ms": 1.01,
  "gmat_inference_ms": null,
  "pinn_energy_drift": 0.0264698966592114,
  "sgp4_energy_drift": 0.019829087021648206,
  "gmat_energy_drift": 0.020411072610134084,
  "pinn_improvement_over_sgp4_pct": -167.71
}