{
  "norad_id": 58536,
  "name": "CREW DRAGON C212",
  "orbit_type": "ISS-like",
  "a_km": 6794.8630692169745,
  "inc_deg": 51.64,
  "ecc": 0.0002,
  "period_s": 5574.193548387097,
  "pinn_test_rmse_km": 477.8736,
  "sgp4_test_rmse_km": 359.2122,
  "pinn_train_rmse_km": 26.3354,
  "sgp4_train_rmse_km": 12.5928,
  "pinn_full_rmse_km": 427.5854,
  "sgp4_full_rmse_km": 321.3385,
  "pinn_max_err_km": 1240.6612,
  "sgp4_max_err_km": 720.0685,
  "pinn_inference_ms": 40.0,
  "sgp4_inference_ms": 10.25,
  "gmat_inference_ms": null,
  "pinn_energy_drift": 5.522351573458007,
  "sgp4_energy_drift": 0.0530517594308364,
  "gmat_energy_drift": 0.05952792434828069,
  "pinn_improvement_over_sgp4_pct": -33.03
}