{
  "norad_id": 58536,
  "name": "CREW DRAGON C212",
  "orbit_type": "ISS-like",
  "a_km": 6794.8630692169745,
  "inc_deg": 51.64,
  "ecc": 0.0002,
  "period_s": 5574.193548387097,
  "pinn_test_rmse_km": 1.1072,
  "sgp4_test_rmse_km": 0.8518,
  "pinn_train_rmse_km": 0.1077,
  "sgp4_train_rmse_km": 0.1783,
  "pinn_full_rmse_km": 0.9915,
  "sgp4_full_rmse_km": 0.766,
  "pinn_max_err_km": 2.2618,
  "sgp4_max_err_km": 1.6291,
  "pinn_inference_ms": 1.98,
  "sgp4_inference_ms": 1.3,
  "gmat_inference_ms": null,
  "pinn_energy_drift": 0.07131225063153224,
  "sgp4_energy_drift": 0.05190060011426567,
  "gmat_energy_drift": 0.052718195587342365,
  "pinn_improvement_over_sgp4_pct": -29.99
}