{
  "n_satellites": 19,
  "pinn_mean_rmse_km": 1085.9214,
  "sgp4_mean_rmse_km": 133.2081,
  "mean_difference_km": 952.7133,
  "pinn_mean_max_err_km": 1758.3527,
  "sgp4_mean_max_err_km": 259.5897,
  "pinn_mean_inference_ms": 6566.02,
  "sgp4_mean_inference_ms": 10.22,
  "pinn_mean_energy_drift": 30494.076608056956,
  "sgp4_mean_energy_drift": 0.0485434838526039,
  "gmat_mean_energy_drift": 0.04382406289900568,
  "t_statistic": 1.3161,
  "p_value_one_sided": 0.8976800405704335,
  "cohens_d": 0.3019,
  "significant_at_005": false,
  "pinn_wins": 11,
  "results": [
    {
      "norad_id": 44883,
      "name": "CBERS 04A",
      "orbit_type": "low-inclination",
      "a_km": 7002.7303590823485,
      "inc_deg": 28.500000000000004,
      "ecc": 0.0001,
      "period_s": 5831.927100911239,
      "pinn_test_rmse_km": 5885.4787,
      "sgp4_test_rmse_km": 38.76,
      "pinn_train_rmse_km": 4447.7087,
      "sgp4_train_rmse_km": 4.9851,
      "pinn_full_rmse_km": 5627.3893,
      "sgp4_full_rmse_km": 34.7396,
      "pinn_max_err_km": 14001.9368,
      "sgp4_max_err_km": 66.3126,
      "pinn_inference_ms": 62003.58,
      "sgp4_inference_ms": 9.79,
      "gmat_inference_ms": null,
      "pinn_energy_drift": 221407.63816737055,
      "sgp4_energy_drift": 0.017827503890149643,
      "gmat_energy_drift": 0.018592080964808133,
      "pinn_improvement_over_sgp4_pct": -15084.42
    },
    {
      "norad_id": 57320,
      "name": "TROPICS-01",
      "orbit_type": "low-inclination",
      "a_km": 6926.574771665965,
      "inc_deg": 29.699999999999996,
      "ecc": 0.001,
      "period_s": 5737.0517928286845,
      "pinn_test_rmse_km": 12751.741,
      "sgp4_test_rmse_km": 52.9218,
      "pinn_train_rmse_km": 13381.1154,
      "sgp4_train_rmse_km": 3.8769,
      "pinn_full_rmse_km": 12880.0765,
      "sgp4_full_rmse_km": 47.3664,
      "pinn_max_err_km": 13830.9117,
      "sgp4_max_err_km": 100.7508,
      "pinn_inference_ms": 62429.55,
      "sgp4_inference_ms": 9.9,
      "gmat_inference_ms": null,
      "pinn_energy_drift": 357946.87106298626,
      "sgp4_energy_drift": 0.02114993009423216,
      "gmat_energy_drift": 0.022139440254115073,
      "pinn_improvement_over_sgp4_pct": -23995.46
    },
    {
      "norad_id": 57321,
      "name": "TROPICS-02",
      "orbit_type": "low-inclination",
      "a_km": 6926.574771665965,
      "inc_deg": 29.699999999999996,
      "ecc": 0.001,
      "period_s": 5737.0517928286845,
      "pinn_test_rmse_km": 3.0283,
      "sgp4_test_rmse_km": 53.0038,
      "pinn_train_rmse_km": 0.139,
      "sgp4_train_rmse_km": 3.893,
      "pinn_full_rmse_km": 2.7093,
      "sgp4_full_rmse_km": 47.44,
      "pinn_max_err_km": 7.7647,
      "sgp4_max_err_km": 100.8791,
      "pinn_inference_ms": 3.34,
      "sgp4_inference_ms": 9.91,
      "gmat_inference_ms": null,
      "pinn_energy_drift": 0.03425006663922403,
      "sgp4_energy_drift": 0.02116864561858023,
      "gmat_energy_drift": 0.017951237273269527,
      "pinn_improvement_over_sgp4_pct": 94.29
    },
    {
      "norad_id": 25063,
      "name": "ORBCOMM FM-5",
      "orbit_type": "low-inclination",
      "a_km": 7159.857537372019,
      "inc_deg": 25.0,
      "ecc": 0.001,
      "period_s": 6029.309141660851,
      "pinn_test_rmse_km": 2.921,
      "sgp4_test_rmse_km": 51.0175,
      "pinn_train_rmse_km": 0.0996,
      "sgp4_train_rmse_km": 8.8163,
      "pinn_full_rmse_km": 2.613,
      "sgp4_full_rmse_km": 45.8014,
      "pinn_max_err_km": 7.5585,
      "sgp4_max_err_km": 81.0327,
      "pinn_inference_ms": 3.03,
      "sgp4_inference_ms": 9.84,
      "gmat_inference_ms": null,
      "pinn_energy_drift": 0.024144877232920692,
      "sgp4_energy_drift": 0.013776216401360841,
      "gmat_energy_drift": 0.012847582084798859,
      "pinn_improvement_over_sgp4_pct": 94.27
    },
    {
      "norad_id": 25544,
      "name": "ISS (ZARYA)",
      "orbit_type": "ISS-like",
      "a_km": 6794.8630692169745,
      "inc_deg": 51.64,
      "ecc": 0.0006,
      "period_s": 5574.193548387097,
      "pinn_test_rmse_km": 4.5453,
      "sgp4_test_rmse_km": 377.738,
      "pinn_train_rmse_km": 0.2641,
      "sgp4_train_rmse_km": 16.2863,
      "pinn_full_rmse_km": 4.0671,
      "sgp4_full_rmse_km": 337.9376,
      "pinn_max_err_km": 12.3916,
      "sgp4_max_err_km": 749.1683,
      "pinn_inference_ms": 3.23,
      "sgp4_inference_ms": 10.28,
      "gmat_inference_ms": null,
      "pinn_energy_drift": 0.0785748391772394,
      "sgp4_energy_drift": 0.05334297910813035,
      "gmat_energy_drift": 0.051752697526470826,
      "pinn_improvement_over_sgp4_pct": 98.8
    },
    {
      "norad_id": 48274,
      "name": "TIANHE (CSS)",
      "orbit_type": "ISS-like",
      "a_km": 6765.794080763019,
      "inc_deg": 41.47,
      "ecc": 0.0003,
      "period_s": 5538.461538461539,
      "pinn_test_rmse_km": 8.4678,
      "sgp4_test_rmse_km": 554.6539,
      "pinn_train_rmse_km": 0.1999,
      "sgp4_train_rmse_km": 19.5473,
      "pinn_full_rmse_km": 7.5743,
      "sgp4_full_rmse_km": 496.1745,
      "pinn_max_err_km": 17.8491,
      "sgp4_max_err_km": 1114.5253,
      "pinn_inference_ms": 2.33,
      "sgp4_inference_ms": 10.21,
      "gmat_inference_ms": null,
      "pinn_energy_drift": 0.057642277018878474,
      "sgp4_energy_drift": 0.0398299983162822,
      "gmat_energy_drift": 0.03270194167488327,
      "pinn_improvement_over_sgp4_pct": 98.47
    },
    {
      "norad_id": 56227,
      "name": "CYGNUS NG-19",
      "orbit_type": "ISS-like",
      "a_km": 6794.8630692169745,
      "inc_deg": 51.63,
      "ecc": 0.0003,
      "period_s": 5574.193548387097,
      "pinn_test_rmse_km": 5.0862,
      "sgp4_test_rmse_km": 481.0918,
      "pinn_train_rmse_km": 0.2736,
      "sgp4_train_rmse_km": 19.0998,
      "pinn_full_rmse_km": 4.5509,
      "sgp4_full_rmse_km": 430.3863,
      "pinn_max_err_km": 13.2221,
      "sgp4_max_err_km": 959.1565,
      "pinn_inference_ms": 3.62,
      "sgp4_inference_ms": 10.39,
      "gmat_inference_ms": null,
      "pinn_energy_drift": 0.07676714250381877,
      "sgp4_energy_drift": 0.05309143553552431,
      "gmat_energy_drift": 0.05193396482399848,
      "pinn_improvement_over_sgp4_pct": 98.94
    },
    {
      "norad_id": 58536,
      "name": "CREW DRAGON C212",
      "orbit_type": "ISS-like",
      "a_km": 6794.8630692169745,
      "inc_deg": 51.64,
      "ecc": 0.0002,
      "period_s": 5574.193548387097,
      "pinn_test_rmse_km": 477.8736,
      "sgp4_test_rmse_km": 359.2122,
      "pinn_train_rmse_km": 26.3354,
      "sgp4_train_rmse_km": 12.5928,
      "pinn_full_rmse_km": 427.5854,
      "sgp4_full_rmse_km": 321.3385,
      "pinn_max_err_km": 1240.6612,
      "sgp4_max_err_km": 720.0685,
      "pinn_inference_ms": 40.0,
      "sgp4_inference_ms": 10.25,
      "gmat_inference_ms": null,
      "pinn_energy_drift": 5.522351573458007,
      "sgp4_energy_drift": 0.0530517594308364,
      "gmat_energy_drift": 0.05952792434828069,
      "pinn_improvement_over_sgp4_pct": -33.03
    },
    {
      "norad_id": 44713,
      "name": "STARLINK-1007",
      "orbit_type": "constellation",
      "a_km": 6925.348557938277,
      "inc_deg": 53.0554,
      "ecc": 0.00015,
      "period_s": 5735.528412108337,
      "pinn_test_rmse_km": 315.9151,
      "sgp4_test_rmse_km": 55.2277,
      "pinn_train_rmse_km": 34.945,
      "sgp4_train_rmse_km": 1.4355,
      "pinn_full_rmse_km": 282.9949,
      "sgp4_full_rmse_km": 49.4013,
      "pinn_max_err_km": 955.5375,
      "sgp4_max_err_km": 113.5757,
      "pinn_inference_ms": 40.12,
      "sgp4_inference_ms": 10.5,
      "gmat_inference_ms": null,
      "pinn_energy_drift": 7.9318635446818355,
      "sgp4_energy_drift": 0.05130856249651572,
      "gmat_energy_drift": 0.05278496304790181,
      "pinn_improvement_over_sgp4_pct": -472.02
    },
    {
      "norad_id": 44714,
      "name": "STARLINK-1008",
      "orbit_type": "constellation",
      "a_km": 6925.348557938277,
      "inc_deg": 53.05,
      "ecc": 0.00014,