{
  "norad_id": 20580,
  "name": "HUBBLE (HST)",
  "a_km": 6917.085787080983,
  "inc_deg": 28.470000000000002,
  "ecc": 0.00028,
  "period_s": 5725.266715260751,
  "n_orbits": 5,
  "n_points": 5000
}