{
  "norad_id": 25063,
  "name": "ORBCOMM FM-5",
  "a_km": 7159.857537372019,
  "inc_deg": 25.0,
  "ecc": 0.001,
  "period_s": 6029.309141660851,
  "n_orbits": 5,
  "n_points": 5000
}