{
  "norad_id": 25544,
  "name": "ISS (ZARYA)",
  "a_km": 6794.8630692169745,
  "inc_deg": 51.64,
  "ecc": 0.0006,
  "period_s": 5574.193548387097,
  "n_orbits": 5,
  "n_points": 5000
}