{
  "norad_id": 37849,
  "name": "SUOMI NPP",
  "a_km": 7205.181248268202,
  "inc_deg": 98.73,
  "ecc": 0.0001,
  "period_s": 6086.650228953858,
  "n_orbits": 5,
  "n_points": 5000
}