{
  "norad_id": 43070,
  "name": "IRIDIUM 106",
  "a_km": 7155.863195520104,
  "inc_deg": 86.39000000000001,
  "ecc": 0.0002,
  "period_s": 6024.264398270813,
  "n_orbits": 5,
  "n_points": 5000
}