{
  "norad_id": 43476,
  "name": "GRACE-FO 1",
  "a_km": 6890.022819596217,
  "inc_deg": 89.01,
  "ecc": 0.001,
  "period_s": 5691.699604743083,
  "n_orbits": 5,
  "n_points": 5000
}