{
  "norad_id": 44715,
  "name": "STARLINK-1009",
  "a_km": 6925.348557938277,
  "inc_deg": 53.06,
  "ecc": 0.00013,
  "period_s": 5735.528412108337,
  "n_orbits": 5,
  "n_points": 5000
}