{
  "norad_id": 44714,
  "name": "STARLINK-1008",
  "a_km": 6925.348557938277,
  "inc_deg": 53.05,
  "ecc": 0.00014,
  "period_s": 5735.528412108337,
  "n_orbits": 5,
  "n_points": 5000
}