{
  "norad_id": 44883,
  "name": "CBERS 04A",
  "a_km": 7002.7303590823485,
  "inc_deg": 28.500000000000004,
  "ecc": 0.0001,
  "period_s": 5831.927100911239,
  "n_orbits": 5,
  "n_points": 5000
}