{
  "norad_id": 49260,
  "name": "LANDSAT 9",
  "a_km": 7080.690352012068,
  "inc_deg": 98.21,
  "ecc": 0.00012,
  "period_s": 5929.586164298949,
  "n_orbits": 5,
  "n_points": 5000
}