{
  "norad_id": 56227,
  "name": "CYGNUS NG-19",
  "a_km": 6794.8630692169745,
  "inc_deg": 51.63,
  "ecc": 0.0003,
  "period_s": 5574.193548387097,
  "n_orbits": 5,
  "n_points": 5000
}