{
  "norad_id": 57320,
  "name": "TROPICS-01",
  "a_km": 6926.574771665965,
  "inc_deg": 29.699999999999996,
  "ecc": 0.001,
  "period_s": 5737.0517928286845,
  "n_orbits": 5,
  "n_points": 5000
}